1,Ode,Broderick,obroderick0@slate.com,Indonesia,0uC32wVsKA,obroderick0
2,Brig,Petersen,bpetersen1@dot.gov,Portugal,GB4znf,bpetersen1
3,Barris,Balsom,bbalsom2@illinois.edu,Russia,JrRT3Hl,bbalsom2
4,Wynn,Castagneto,wcastagneto3@flickr.com,Colombia,563Gz1wM3L,wcastagneto3
5,Leora,Allett,lallett4@arizona.edu,Japan,3L8O4FfN,lallett4
6,Urbano,Balloch,uballoch5@webs.com,Germany,80B3zs8Bz9,uballoch5
7,Norene,Shulem,nshulem6@businesswire.com,Brazil,sZc31yYi,nshulem6
8,Stan,Purse,spurse7@usda.gov,Canada,IbzY24OBj4M,spurse7
9,Gherardo,Ackery,gackery8@shutterfly.com,Indonesia,T4FLYDWs,gackery8
10,Giraldo,MacParland,gmacparland9@fda.gov,China,FTSUpDySMT,gmacparland9
11,Kain,Bayman,kbaymana@tumblr.com,Thailand,3zFxXKJ0HwF,kbaymana
12,Emanuele,Woodrough,ewoodroughb@google.es,China,AyzMmePzqC,ewoodroughb
13,Lorianne,Tunno,ltunnoc@storify.com,Brazil,WDPkDO,ltunnoc
14,Kirsteni,Baribal,kbaribald@wired.com,China,5rZAToXimVvm,kbaribald
15,Fields,Tennison,ftennisone@rakuten.co.jp,Poland,NfKBDBkvH,ftennisone
16,Carlina,Canas,ccanasf@hp.com,Israel,aSagqdC,ccanasf
17,Magda,De Zamudio,mdezamudiog@hubpages.com,Kazakhstan,scsQaSs,mdezamudiog
18,Teriann,Rowbottam,trowbottamh@alexa.com,China,SsL695CcE,trowbottamh
19,Radcliffe,Trevains,rtrevainsi@altervista.org,France,IdkmogyyAt8e,rtrevainsi
20,Laura,Grigoroni,lgrigoronij@dailymail.co.uk,Senegal,KL0eiu,lgrigoronij
21,Morgan,Reskelly,mreskellyk@zdnet.com,Indonesia,3LOfSjhy,mreskellyk
22,Matilde,Breakey,mbreakeyl@addthis.com,Argentina,sD4rElV6Rp,mbreakeyl
23,Henri,Palluschek,hpalluschekm@archive.org,China,6pkHt7z1d,hpalluschekm
24,Corabel,Govern,cgovernn@biglobe.ne.jp,Brazil,zApPCq46j,cgovernn
25,Whitney,Bythway,wbythwayo@pinterest.com,Bulgaria,rNJpJxnnG,wbythwayo
26,Constantin,Huey,chueyp@boston.com,Russia,BJjQpzgtAA,chueyp
27,Monique,Larham,mlarhamq@unblog.fr,Mexico,d7N93oJeQOwL,mlarhamq
28,Ede,Seleway,eselewayr@nba.com,Sweden,IDVFae,eselewayr
29,Fina,Baison,fbaisons@imdb.com,Croatia,phOzJF0pl6,fbaisons
30,Millie,Geary,mgearyt@reverbnation.com,Slovenia,3AmQzXz1OZTt,mgearyt
31,Lem,Millott,lmillottu@istockphoto.com,Czech Republic,DdrzrCn,lmillottu
32,Normie,Harriss,nharrissv@creativecommons.org,China,17g9TD,nharrissv
33,Had,Tolland,htollandw@hhs.gov,Colombia,ta1Uqlg8ELad,htollandw
34,Esra,O'Scollee,eoscolleex@state.gov,Greece,BJTLdvq,eoscolleex
35,Oliviero,Saggers,osaggersy@unc.edu,Belarus,FSK4XB9TfzUt,osaggersy
36,Florance,Aglione,faglionez@joomla.org,Albania,LNNIH1DoPb,faglionez
37,Saunder,MacCracken,smaccracken10@chron.com,Costa Rica,BG59ZoGE2j,smaccracken10
38,Daisi,Guilleton,dguilleton11@gnu.org,China,JwYkUQO37rtu,dguilleton11
39,Lanette,Nelthorpe,lnelthorpe12@google.ru,Croatia,vWdGq2,lnelthorpe12
40,Roselia,McCroft,rmccroft13@vinaora.com,Russia,DJfpxLDK46,rmccroft13
41,Sharleen,Lemmers,slemmers14@altervista.org,Russia,Vymz8cvCt,slemmers14
42,Rochelle,Bumfrey,rbumfrey15@fda.gov,Philippines,z9ywdr,rbumfrey15
43,Charo,Beet,cbeet16@google.ru,Ivory Coast,R3hTvnibGnKe,cbeet16
44,Lani,Kopje,lkopje17@drupal.org,Malaysia,zoosc8PZfDSL,lkopje17
45,Oates,Gavrielly,ogavrielly18@freewebs.com,Rwanda,AGEzyw,ogavrielly18
46,Neilla,Ellett,nellett19@wisc.edu,Peru,OMYklnN,nellett19
47,Ingra,Lilbourne,ililbourne1a@list-manage.com,South Korea,nkjI1M,ililbourne1a
48,Clio,Sayward,csayward1b@barnesandnoble.com,Russia,BRXAmh8,csayward1b
49,Lanie,Butts,lbutts1c@liveinternet.ru,Portugal,NBsaZ9Ob0,lbutts1c
50,Dulci,Player,dplayer1d@hud.gov,Philippines,oTpBifRl,dplayer1d
51,Talia,Beniesh,tbeniesh1e@imdb.com,China,KWqnTYVj0Q1,tbeniesh1e
52,Fin,Marques,fmarques1f@simplemachines.org,China,uDz5mPjCI,fmarques1f
53,Pavia,Schlagtmans,pschlagtmans1g@google.com.br,Russia,jUYXJkgKVgI,pschlagtmans1g
54,Stern,McArte,smcarte1h@posterous.com,China,JwXgKL,smcarte1h
55,Bary,Orsay,borsay1i@xinhuanet.com,Poland,2AyJhObbt,borsay1i
56,Moe,Flegg,mflegg1j@wp.com,Indonesia,AZV4p5pwmqs,mflegg1j
57,Aggy,Pourveer,apourveer1k@skype.com,Colombia,lyei6HzK2w3e,apourveer1k
58,Cynthia,Hudd,chudd1l@behance.net,China,Op1GpzuhKd,chudd1l
59,Lindsay,Willavize,lwillavize1m@patch.com,Ukraine,tycSiRhO8,lwillavize1m
60,Flora,Luberto,fluberto1n@pbs.org,China,osxvJNrS,fluberto1n
61,Amble,Hannond,ahannond1o@spotify.com,Japan,MHAOkWUT,ahannond1o
62,Cherice,Tenant,ctenant1p@simplemachines.org,Canada,0pS5pg,ctenant1p
63,Ninetta,Ridger,nridger1q@mail.ru,Peru,eaoqmuRBpZ,nridger1q
64,Trudie,Doughtery,tdoughtery1r@dell.com,Pakistan,Jq8OtS,tdoughtery1r
65,Rowney,Paffot,rpaffot1s@paypal.com,Ireland,2v0BbhfC8a,rpaffot1s
66,Sybil,Axworthy,saxworthy1t@xinhuanet.com,Bosnia and Herzegovina,czpvdIh,saxworthy1t
67,Orin,Tainton,otainton1u@google.it,Brazil,V2ICUK,otainton1u
68,Filide,Ashness,fashness1v@qq.com,Moldova,v1k82KFcg,fashness1v
69,Vinita,Gunstone,vgunstone1w@slideshare.net,Russia,CcOF5be5SoT,vgunstone1w
70,Roxie,Highnam,rhighnam1x@posterous.com,Philippines,4mRd1Cz,rhighnam1x
71,Lesli,Charte,lcharte1y@goo.gl,Brazil,VSkE1Mee6QP,lcharte1y
72,Dee dee,Darnborough,ddarnborough1z@blogs.com,China,HWRsZTqZnEq6,ddarnborough1z
73,Harvey,Blinde,hblinde20@sphinn.com,Thailand,ZoVqg8PxLV,hblinde20
74,Tadio,Mayling,tmayling21@flavors.me,China,2W8l6dkxkVBi,tmayling21
75,Ham,Owenson,howenson22@narod.ru,Peru,4xoVHT,howenson22
76,Vance,Brokenshaw,vbrokenshaw23@t.co,Mexico,jBIaeKpn,vbrokenshaw23
77,Broddie,Wardlow,bwardlow24@4shared.com,Portugal,Gacvj6fvy,bwardlow24
78,Juliana,Estevez,jestevez25@omniture.com,China,1WyxyQpC,jestevez25
79,Glynn,Angeli,gangeli26@msn.com,Thailand,Kud07K6,gangeli26
80,Dal,Lemme,dlemme27@time.com,Armenia,ZCdRNHVsTfp,dlemme27
81,Page,Woonton,pwoonton28@fotki.com,Malaysia,X3LRCDz2GQl,pwoonton28
82,Dion,Grabb,dgrabb29@umich.edu,Bahamas,WISApTP8bSEp,dgrabb29
83,Tammy,Wipfler,twipfler2a@twitpic.com,Portugal,lwus3lMIijy,twipfler2a
84,Wald,Reiner,wreiner2b@wisc.edu,Indonesia,t1D3fvzj19wX,wreiner2b
85,Abramo,Tomala,atomala2c@wordpress.com,Indonesia,2EhwCX,atomala2c
86,Ashleigh,Domico,adomico2d@sciencedirect.com,Philippines,uMQI5XGk,adomico2d
87,Briggs,Littrick,blittrick2e@trellian.com,Indonesia,Mq41OFp79,blittrick2e
88,Erie,Sussans,esussans2f@ft.com,Indonesia,zbTMcAY,esussans2f
89,Murielle,Colgrave,mcolgrave2g@buzzfeed.com,Sweden,a2Q1H0,mcolgrave2g
90,Tabb,Giacobbo,tgiacobbo2h@indiegogo.com,Mexico,RTtCvLxoGVV,tgiacobbo2h
91,Rivy,Merton,rmerton2i@tumblr.com,China,PcQVSnC,rmerton2i
92,Cathleen,Gamlin,cgamlin2j@feedburner.com,China,r2WyBQ,cgamlin2j
93,Jeddy,Thornber,jthornber2k@oaic.gov.au,Colombia,kjwbxn,jthornber2k
94,Tome,Fairchild,tfairchild2l@fc2.com,Tanzania,f03bmWr,tfairchild2l
95,Micah,Camoletto,mcamoletto2m@wiley.com,Japan,3ZUiuPX52YOl,mcamoletto2m
96,Dedie,Kuzemka,dkuzemka2n@infoseek.co.jp,Russia,8fHmU1h,dkuzemka2n
97,Syman,Shilito,sshilito2o@bbc.co.uk,Belarus,szxb0zVKBg7,sshilito2o
98,Danette,Leavesley,dleavesley2p@plala.or.jp,Sweden,Vuwruv,dleavesley2p
99,Cindelyn,Silvers,csilvers2q@loc.gov,France,4CCSDabQq,csilvers2q
100,Trixi,Emmet,temmet2r@squarespace.com,Indonesia,xacN4XGs,temmet2r
101,Helenelizabeth,Frondt,hfrondt2s@google.com.hk,China,6BhBvRe,hfrondt2s
102,Paxton,Kosiada,pkosiada2t@cmu.edu,Pakistan,tLZyhc,pkosiada2t
103,Bordie,McNamee,bmcnamee2u@sun.com,United States,N286fG5ixW,bmcnamee2u
104,Nanice,Firminger,nfirminger2v@state.tx.us,Mexico,xGMwWG,nfirminger2v
105,Sergent,Moyse,smoyse2w@answers.com,Brazil,pw6rvwx,smoyse2w
106,Edna,Hassin,ehassin2x@sakura.ne.jp,Indonesia,2CFRX5PtXINj,ehassin2x
107,Hyacinth,Cubbino,hcubbino2y@salon.com,Ukraine,9T6eG1C,hcubbino2y
108,Giulietta,McDonand,gmcdonand2z@creativecommons.org,Greece,KBZ09oFWfzls,gmcdonand2z
109,Dukey,Eastment,deastment30@freewebs.com,China,gh5jKi,deastment30
110,Marsiella,Bourrel,mbourrel31@photobucket.com,Philippines,sBOJrYVVbiO,mbourrel31
111,Angie,Daveridge,adaveridge32@mit.edu,Chile,uInkd9,adaveridge32
112,Carey,Yanov,cyanov33@freewebs.com,Bosnia and Herzegovina,oG9Bts4FKF,cyanov33
113,Debra,Mannagh,dmannagh34@sakura.ne.jp,Burkina Faso,pvBdZRoWOU,dmannagh34
114,Preston,Keems,pkeems35@creativecommons.org,France,1XDCbocm7n,pkeems35
115,Hesther,Huglin,hhuglin36@paypal.com,Morocco,Ag8NeuG,hhuglin36
116,Valentina,Prydden,vprydden37@google.com.au,Indonesia,Pi3Qip,vprydden37
117,Wake,McShee,wmcshee38@state.tx.us,China,jJHLuIPr,wmcshee38
118,Tanitansy,Raithbie,traithbie39@godaddy.com,Ukraine,saiLvOzwN,traithbie39
119,Ram,Dansey,rdansey3a@state.gov,Afghanistan,xkaew67L9Qjl,rdansey3a
120,Giavani,Bemlott,gbemlott3b@boston.com,China,Othn2eIwKl,gbemlott3b
121,Lonna,Mc Corley,lmccorley3c@europa.eu,China,lAKYjzEVoX,lmccorley3c
122,Catriona,Chesshire,cchesshire3d@storify.com,Poland,wxwIMRPpKS,cchesshire3d
123,Dorella,Halsho,dhalsho3e@phpbb.com,United States,s0S7Z4QpXrv,dhalsho3e
124,Lizzie,Ramelot,lramelot3f@omniture.com,Greece,QblUVOzp,lramelot3f
125,Sam,Boulter,sboulter3g@jugem.jp,Sweden,wHoBggjZ,sboulter3g
126,Murry,Vankin,mvankin3h@nifty.com,Thailand,38za9JSj,mvankin3h
127,Obed,Farlam,ofarlam3i@irs.gov,Ireland,2RaU6Mku,ofarlam3i
128,Augy,Shaw,ashaw3j@illinois.edu,Thailand,aQcbtbPXgzAj,ashaw3j
129,Ardine,Fieldstone,afieldstone3k@blogspot.com,Philippines,q1fYmWg,afieldstone3k
130,Tommy,Glassard,tglassard3l@wsj.com,Brazil,w3BeEpO2,tglassard3l
131,Belvia,Kahane,bkahane3m@mapy.cz,Dominican Republic,UeFdq9PCFz,bkahane3m
132,Emmalyn,Rowcastle,erowcastle3n@jugem.jp,Poland,gxkmbs7kwz,erowcastle3n
133,Carolee,Furneaux,cfurneaux3o@umn.edu,Ireland,VQtqAGKLYSNe,cfurneaux3o
134,Bliss,Pears,bpears3p@shutterfly.com,Mozambique,kfDIbGPmiR,bpears3p
135,Gideon,Pollicote,gpollicote3q@wikipedia.org,Brazil,wEyUbdxqhYG,gpollicote3q
136,Haleigh,Overton,hoverton3r@storify.com,Serbia,tmeblz,hoverton3r
137,Ruthy,Thews,rthews3s@1und1.de,China,flqBhPxXyGs9,rthews3s
138,Dalenna,Rhodus,drhodus3t@yahoo.co.jp,China,yovBzAN4AAqU,drhodus3t
139,Jessamyn,Beeswing,jbeeswing3u@google.fr,Indonesia,E69Llw7pK7,jbeeswing3u
140,Lian,Suttling,lsuttling3v@printfriendly.com,Chad,di9Yd1QKwDmb,lsuttling3v
141,William,Boulden,wboulden3w@narod.ru,Argentina,QwMTvN,wboulden3w
142,Ianthe,Nutting,inutting3x@wikia.com,China,kYwyk9ReVK5e,inutting3x
143,Boycie,Androlli,bandrolli3y@dion.ne.jp,China,W0nOGW9sEr7,bandrolli3y
144,Vivian,Willmetts,vwillmetts3z@jugem.jp,Venezuela,7zx50vQntWS,vwillmetts3z
145,Shelba,Grindell,sgrindell40@prlog.org,Serbia,tIcEiy,sgrindell40
146,Marj,Walhedd,mwalhedd41@constantcontact.com,Trinidad and Tobago,n4s0WaeH,mwalhedd41
147,Ximenez,Shoubridge,xshoubridge42@friendfeed.com,East Timor,4OzwAG,xshoubridge42
148,Brooke,Meneghelli,bmeneghelli43@uiuc.edu,Ivory Coast,8iPpRY,bmeneghelli43
149,Blinnie,Cromwell,bcromwell44@arstechnica.com,Egypt,3d0jmBB2SPCs,bcromwell44
150,Natalie,Dowling,ndowling45@marketwatch.com,China,un5KMwT3,ndowling45
151,Lyndell,Bestwick,lbestwick46@dyndns.org,China,19LBL1kbWk47,lbestwick46
152,Sonnnie,Yoselevitch,syoselevitch47@berkeley.edu,Russia,cKtOfj0A,syoselevitch47
153,August,Brigge,abrigge48@army.mil,Bangladesh,Y7W7r9Eqsh,abrigge48
154,Arnold,Heselwood,aheselwood49@paginegialle.it,Mexico,DP3eZ9zEX8JM,aheselwood49
155,Byrom,Glew,bglew4a@theatlantic.com,Russia,D4823qXWX5N,bglew4a
156,Ardith,Darley,adarley4b@weather.com,Jamaica,nke2OLFBvyv,adarley4b
157,Casi,Coleford,ccoleford4c@exblog.jp,Colombia,y3hslBDU0l,ccoleford4c
158,Humfried,Wardley,hwardley4d@plala.or.jp,Canada,6eQwxxc9Qev,hwardley4d
159,Denny,Lorimer,dlorimer4e@xinhuanet.com,Brazil,XT4VQor06Plp,dlorimer4e
160,Sherry,Shervil,sshervil4f@yellowpages.com,Colombia,4uH0ke2Yf,sshervil4f
161,Sukey,Martellini,smartellini4g@altervista.org,Syria,c8bkr3g3poK7,smartellini4g
162,Kelvin,Surgener,ksurgener4h@chron.com,Colombia,L6HGmQz74RJ,ksurgener4h
163,Ruttger,Bereford,rbereford4i@pen.io,Indonesia,j1J4ZFOi,rbereford4i
164,Cortie,Domenici,cdomenici4j@seattletimes.com,Ukraine,3T5guP,cdomenici4j
165,Daphne,Dowdam,ddowdam4k@prnewswire.com,Canada,INBaRJ,ddowdam4k
166,Katrina,Urpeth,kurpeth4l@imgur.com,Russia,p4PVyq9STB,kurpeth4l
167,Costanza,Bayns,cbayns4m@vistaprint.com,China,0fDrYU3,cbayns4m
168,Lilllie,Bearne,lbearne4n@deliciousdays.com,Poland,T13EPoTkHxyv,lbearne4n
169,Gae,Briscoe,gbriscoe4o@webmd.com,Malaysia,XrjPMY0cG,gbriscoe4o
170,Christy,Jedrys,cjedrys4p@weibo.com,Colombia,9MxdVZf2D,cjedrys4p
171,Nanni,Ricciardiello,nricciardiello4q@virginia.edu,Indonesia,z5ollqf2Thoe,nricciardiello4q
172,Marji,Duggleby,mduggleby4r@fda.gov,Indonesia,NJeujI1,mduggleby4r
173,Judah,Coite,jcoite4s@techcrunch.com,Poland,t0loXuxhgnyl,jcoite4s
174,Leodora,Brundell,lbrundell4t@elegantthemes.com,China,K3kLdgwVrBwz,lbrundell4t
175,Glendon,Downse,gdownse4u@weibo.com,China,B7jfjuVWL0a,gdownse4u
176,Skipper,Govey,sgovey4v@google.it,China,NkWdj594v,sgovey4v
177,Maryellen,Lait,mlait4w@qq.com,China,7I0WJshNyd,mlait4w
178,Leela,Davall,ldavall4x@washington.edu,China,xc4yUqGHopJJ,ldavall4x
179,Bernette,Thunnerclef,bthunnerclef4y@w3.org,Russia,LCZ7Jmed,bthunnerclef4y
180,Griff,Kershow,gkershow4z@netvibes.com,Portugal,58k94oIzdF8M,gkershow4z
181,Abraham,Habbershon,ahabbershon50@furl.net,Russia,UcNQbJbHlA4f,ahabbershon50
182,Baxie,Salters,bsalters51@flavors.me,Portugal,1cAfqW9L9LpC,bsalters51
183,Prudence,Lacky,placky52@yelp.com,Portugal,4X4xdlYa,placky52
184,Paolo,Colquit,pcolquit53@discuz.net,China,meFbUr,pcolquit53
185,Maegan,Sarchwell,msarchwell54@123-reg.co.uk,China,97VQlbHz,msarchwell54
186,Karil,Burnett,kburnett55@independent.co.uk,Indonesia,sFvwyIxIZU,kburnett55
187,Antone,O' Faherty,aofaherty56@list-manage.com,Moldova,qS9XR1,aofaherty56
188,Stanislaus,Bagniuk,sbagniuk57@qq.com,Portugal,8MCz9GrOyxUG,sbagniuk57
189,Keri,Helstrom,khelstrom58@discuz.net,Argentina,fuCbkn,khelstrom58
190,Catha,Lydiard,clydiard59@businessinsider.com,Portugal,vSKmHUfO,clydiard59
191,Hildagard,Karppi,hkarppi5a@telegraph.co.uk,Russia,5SOC96Q5W,hkarppi5a
192,Estel,Joire,ejoire5b@taobao.com,Philippines,zO4yKq0b,ejoire5b
193,Dari,Sanney,dsanney5c@opera.com,Guam,3ts2RzKF81J,dsanney5c
194,Orel,Duffin,oduffin5d@bing.com,Macedonia,GCJ22O9F,oduffin5d
195,Feliks,Afonso,fafonso5e@shop-pro.jp,Indonesia,cVMuSywDPKM,fafonso5e
196,Euphemia,Zotto,ezotto5f@macromedia.com,Brazil,gjbxxi7BuN,ezotto5f
197,Muire,Hattoe,mhattoe5g@nhs.uk,Indonesia,bAUsUccMx0,mhattoe5g
198,Clementina,Dampney,cdampney5h@cnbc.com,China,7KsmeI8O,cdampney5h
199,Gretal,Sorrel,gsorrel5i@icio.us,China,soSCEWiVY,gsorrel5i
200,Caldwell,Cropp,ccropp5j@economist.com,Colombia,KAo0F6ASV,ccropp5j