1,Marie-thérèse,Armatys,yarmatys0@xing.com,barmatys0
2,Adélaïde,Lavin,clavin1@mac.com,flavin1
3,Mélinda,Hartlebury,uhartlebury2@chicagotribune.com,phartlebury2
4,Crééz,Risebrow,arisebrow3@dailymail.co.uk,crisebrow3
5,Faîtes,Ionn,tionn4@ucla.edu,cionn4
6,Cléa,Booler,tbooler5@hc360.com,cbooler5
7,Clémence,Portchmouth,tportchmouth6@barnesandnoble.com,hportchmouth6
8,Maïwenn,Lemmens,rlemmens7@fotki.com,elemmens7
9,Solène,Durnell,adurnell8@last.fm,ndurnell8
10,Lài,Campany,rcampany9@gizmodo.com,ncampany9
11,Michèle,Huggens,shuggensa@sfgate.com,bhuggensa
12,Maïlys,Selburn,jselburnb@woothemes.com,aselburnb
13,Simplifiés,Geaveny,rgeavenyc@cisco.com,sgeavenyc
14,Salomé,Finnigan,sfinnigand@tripod.com,tfinnigand
15,Örjan,Fabler,nfablere@bandcamp.com,sfablere
16,Mén,Cote,kcotef@hibu.com,fcotef
17,Björn,Antonov,dantonovg@csmonitor.com,nantonovg
18,Eléonore,Jerg,bjergh@qq.com,pjergh
19,Thérèsa,Pidgin,vpidgini@unicef.org,mpidgini
20,Laurélie,Sancias,dsanciasj@barnesandnoble.com,psanciasj
21,Yè,Wheowall,lwheowallk@webs.com,lwheowallk
22,Eléa,Blucher,dblucherl@businessweek.com,iblucherl
23,Aloïs,Baynes,dbaynesm@nymag.com,cbaynesm
24,Estève,Forgan,mforgann@ifeng.com,vforgann
25,Dorothée,Hulburt,mhulburto@addthis.com,jhulburto
26,Cécile,Franc,gfrancp@theatlantic.com,rfrancp
27,Táng,Lawtie,alawtieq@amazon.de,rlawtieq
28,Aí,Harder,charderr@uol.com.br,pharderr
29,Maïwenn,Gilfoy,ugilfoys@sphinn.com,ygilfoys
30,Yénora,Scanes,cscanest@webnode.com,jscanest
31,Méng,Harrod,eharrodu@who.int,jharrodu
32,Gisèle,Children,dchildrenv@gravatar.com,rchildrenv
33,Lóng,Slorance,fslorancew@ihg.com,jslorancew
34,Desirée,Leadbeatter,kleadbeatterx@macromedia.com,gleadbeatterx
35,Géraldine,Bollen,abolleny@taobao.com,rbolleny
36,Almérinda,Ayrs,bayrsz@aol.com,dayrsz
37,Andréanne,Heamus,jheamus10@bravesites.com,oheamus10
38,Dà,Rake,arake11@diigo.com,erake11
39,Célia,Brave,rbrave12@acquirethisname.com,kbrave12
40,Lài,Giacopello,dgiacopello13@icio.us,hgiacopello13
41,Noëlla,McIlwrick,dmcilwrick14@jiathis.com,hmcilwrick14
42,Vérane,Uttridge,tuttridge15@themeforest.net,guttridge15
43,Lyséa,Marley,emarley16@is.gd,dmarley16
44,Åke,Dobrowlski,bdobrowlski17@furl.net,bdobrowlski17
45,Méng,Besant,sbesant18@ezinearticles.com,gbesant18
46,Léonore,Libbie,llibbie19@unblog.fr,mlibbie19
47,Lyséa,Bunce,pbunce1a@bluehost.com,cbunce1a
48,Gwenaëlle,Schule,kschule1b@alexa.com,lschule1b
49,Vénus,Basketter,vbasketter1c@google.co.jp,lbasketter1c
50,Méghane,Kondrachenko,mkondrachenko1d@arizona.edu,akondrachenko1d
51,Léandre,Buse,lbuse1e@list-manage.com,cbuse1e
52,Yè,Pawellek,dpawellek1f@netvibes.com,cpawellek1f
53,Thérèsa,Droghan,rdroghan1g@stanford.edu,sdroghan1g
54,Lóng,Shurrocks,sshurrocks1h@typepad.com,eshurrocks1h
55,Josée,Slowan,rslowan1i@i2i.jp,aslowan1i
56,Alizée,Norres,rnorres1j@nih.gov,fnorres1j
57,Maëlann,Crossby,ycrossby1k@bloglines.com,scrossby1k
58,Laïla,Shadfourth,cshadfourth1l@shutterfly.com,jshadfourth1l
59,Pål,Fordham,nfordham1m@multiply.com,rfordham1m
60,Görel,Janek,gjanek1n@acquirethisname.com,wjanek1n
61,Bérénice,Tookill,ctookill1o@e-recht24.de,gtookill1o
62,Renée,McKevin,bmckevin1p@hibu.com,nmckevin1p
63,Néhémie,Elcum,relcum1q@newyorker.com,eelcum1q
64,Félicie,Frobisher,mfrobisher1r@naver.com,rfrobisher1r
65,Maëlys,De Marchi,wdemarchi1s@google.fr,ddemarchi1s
66,Anaël,Woof,rwoof1t@imageshack.us,kwoof1t
67,Mà,Detoile,gdetoile1u@dmoz.org,mdetoile1u
68,Stéphanie,Collabine,pcollabine1v@bizjournals.com,scollabine1v
69,Táng,McGrath,lmcgrath1w@over-blog.com,gmcgrath1w
70,Erwéi,Garratt,bgarratt1x@washingtonpost.com,pgarratt1x
71,Mélia,Rowan,srowan1y@nifty.com,crowan1y
72,Örjan,Bardsley,bbardsley1z@mit.edu,tbardsley1z
73,Mà,Danilin,cdanilin20@squidoo.com,jdanilin20
74,Stévina,Bartleet,bbartleet21@tripadvisor.com,sbartleet21
75,Mélys,Brydson,dbrydson22@goo.ne.jp,tbrydson22
76,Cléa,Everwin,aeverwin23@quantcast.com,ceverwin23
77,Jú,Rollings,brollings24@berkeley.edu,erollings24
78,Laurélie,Culkin,gculkin25@ed.gov,mculkin25
79,Danièle,Peskett,lpeskett26@epa.gov,apeskett26
80,Wá,Hutson,ihutson27@wisc.edu,dhutson27
81,Liè,Rands,lrands28@gnu.org,grands28
82,Bénédicte,Elder,belder29@state.tx.us,pelder29
83,Léone,Thorndale,sthorndale2a@vistaprint.com,ethorndale2a
84,Adélie,Clotworthy,kclotworthy2b@senate.gov,pclotworthy2b
85,Kuí,Stone,bstone2c@nytimes.com,lstone2c
86,Séréna,Petrishchev,rpetrishchev2d@so-net.ne.jp,kpetrishchev2d
87,Kallisté,Mullane,omullane2e@vinaora.com,amullane2e
88,Frédérique,Hobgen,fhobgen2f@uiuc.edu,ehobgen2f
89,Médiamass,Orridge,aorridge2g@liveinternet.ru,aorridge2g
90,Torbjörn,Cattrall,dcattrall2h@dmoz.org,bcattrall2h
91,Eugénie,Muddiman,amuddiman2i@npr.org,bmuddiman2i
92,Loïca,Geleman,rgeleman2j@uol.com.br,kgeleman2j
93,Miléna,Kynman,skynman2k@jugem.jp,hkynman2k
94,Marie-noël,Harmour,aharmour2l@shop-pro.jp,charmour2l
95,Irène,Lisett,hlisett2m@dion.ne.jp,klisett2m
96,Léonore,Oattes,woattes2n@sohu.com,toattes2n
97,Néhémie,Clementi,lclementi2o@icio.us,bclementi2o
98,Magdalène,Martill,cmartill2p@hibu.com,dmartill2p
99,Sélène,Bover,bbover2q@geocities.com,dbover2q
100,Lóng,Tipens,ctipens2r@businessweek.com,rtipens2r
101,Tán,Rowles,trowles2s@myspace.com,frowles2s
102,Gérald,Bilson,hbilson2t@github.com,gbilson2t
103,Jú,Fahrenbacher,ffahrenbacher2u@uol.com.br,jfahrenbacher2u
104,Ráo,Ripping,rripping2v@github.com,sripping2v
105,Bénédicte,Salisbury,ksalisbury2w@soup.io,ksalisbury2w
106,Inès,Clewlowe,bclewlowe2x@ovh.net,bclewlowe2x
107,Marlène,Shoebrook,pshoebrook2y@si.edu,gshoebrook2y
108,Lèi,Van de Castele,ovandecastele2z@t-online.de,bvandecastele2z
109,Marlène,Novello,mnovello30@cbc.ca,vnovello30
110,Esbjörn,Wantling,cwantling31@elegantthemes.com,fwantling31
111,Håkan,Goatman,bgoatman32@wordpress.com,lgoatman32
112,Illustrée,Mallett,zmallett33@mac.com,emallett33
113,Josée,Glading,jglading34@ca.gov,fglading34
114,Mélina,Yashin,fyashin35@chron.com,myashin35
115,Kévina,Trude,itrude36@msn.com,ctrude36
116,Yáo,Witherspoon,owitherspoon37@mlb.com,cwitherspoon37
117,Maëlyss,Le Barr,glebarr38@prnewswire.com,slebarr38
118,Miléna,Simonds,tsimonds39@yellowpages.com,gsimonds39
119,Maïté,Webborn,twebborn3a@thetimes.co.uk,bwebborn3a
120,Björn,Shanley,pshanley3b@oracle.com,cshanley3b
121,Kallisté,Mapother,amapother3c@craigslist.org,jmapother3c
122,Eléonore,Nornable,cnornable3d@lycos.com,pnornable3d
123,Lauréna,Brierly,bbrierly3e@ihg.com,tbrierly3e
124,Marie-françoise,Gonnel,pgonnel3f@apple.com,cgonnel3f
125,Mélodie,Greenroa,fgreenroa3g@bing.com,bgreenroa3g
126,Kuí,Lode,elode3h@surveymonkey.com,llode3h
127,Maïwenn,Jessard,mjessard3i@rambler.ru,bjessard3i
128,Almérinda,Hazeltine,ghazeltine3j@howstuffworks.com,shazeltine3j
129,Hélène,McClinton,rmcclinton3k@godaddy.com,wmcclinton3k
130,Åke,Boothe,wboothe3l@unc.edu,sboothe3l
131,Marie-josée,Burrells,fburrells3m@icio.us,mburrells3m
132,Cinéma,Chisnell,schisnell3n@amazon.com,cchisnell3n
133,Görel,Suttie,dsuttie3o@amazon.com,gsuttie3o
134,Örjan,Baswall,sbaswall3p@addtoany.com,bbaswall3p
135,Styrbjörn,Cristoforetti,ecristoforetti3q@shinystat.com,rcristoforetti3q
136,Pål,Lindgren,alindgren3r@shinystat.com,hlindgren3r
137,Annotée,O'Ruane,woruane3s@hatena.ne.jp,coruane3s
138,Publicité,Dannel,mdannel3t@themeforest.net,fdannel3t
139,Maï,Cotgrave,tcotgrave3u@apache.org,scotgrave3u
140,Marie-thérèse,Karim,lkarim3v@hexun.com,bkarim3v
141,Lauréna,Dickons,edickons3w@unicef.org,sdickons3w
142,Daphnée,Liddon,dliddon3x@linkedin.com,tliddon3x
143,Estève,Collicott,wcollicott3y@webeden.co.uk,acollicott3y
144,Marie-thérèse,Euesden,deuesden3z@youtube.com,leuesden3z
145,Camélia,Rides,brides40@elpais.com,rrides40
146,Eliès,Gaskin,bgaskin41@a8.net,agaskin41
147,Joséphine,Patzelt,lpatzelt42@google.cn,mpatzelt42
148,Nélie,Blaxter,gblaxter43@acquirethisname.com,dblaxter43
149,Håkan,Breinlein,pbreinlein44@squarespace.com,gbreinlein44
150,Eloïse,Rosenfarb,arosenfarb45@ebay.co.uk,rrosenfarb45
151,Eléa,Drabble,edrabble46@addthis.com,bdrabble46
152,Célia,Foulks,lfoulks47@chronoengine.com,sfoulks47
153,Pélagie,Burchatt,aburchatt48@multiply.com,dburchatt48
154,Céline,Rays,lrays49@reference.com,brays49
155,Örjan,Arnowicz,iarnowicz4a@ask.com,carnowicz4a
156,Clémence,Spafford,nspafford4b@shutterfly.com,aspafford4b
157,Yáo,Wannes,iwannes4c@moonfruit.com,kwannes4c
158,Lài,Ferrao,aferrao4d@mozilla.com,dferrao4d
159,Léonore,Tremblay,btremblay4e@accuweather.com,jtremblay4e
160,Bérangère,Forshaw,sforshaw4f@google.fr,fforshaw4f
161,Estève,Andreas,landreas4g@prweb.com,kandreas4g
162,Gwenaëlle,Brydon,lbrydon4h@miibeian.gov.cn,lbrydon4h
163,Gaïa,Rothschild,crothschild4i@nasa.gov,lrothschild4i
164,Cinéma,Begg,jbegg4j@ovh.net,sbegg4j
165,Joséphine,Joe,rjoe4k@shinystat.com,fjoe4k
166,Cléopatre,Really,ereally4l@comsenz.com,hreally4l
167,Josée,Kemish,bkemish4m@latimes.com,skemish4m
168,Ophélie,Tibald,ctibald4n@pinterest.com,itibald4n
169,Bérengère,Kacheller,hkacheller4o@qq.com,bkacheller4o
170,Adélaïde,Joy,kjoy4p@weather.com,hjoy4p
171,Amélie,Marchetti,lmarchetti4q@istockphoto.com,tmarchetti4q
172,Andréa,Seebright,lseebright4r@engadget.com,dseebright4r
173,Intéressant,Flipsen,rflipsen4s@theatlantic.com,dflipsen4s
174,Eloïse,Sear,msear4t@oaic.gov.au,bsear4t
175,Marie-hélène,Manners,dmanners4u@last.fm,jmanners4u
176,Lorène,Breadon,xbreadon4v@google.ru,pbreadon4v
177,Personnalisée,McGreal,imcgreal4w@noaa.gov,bmcgreal4w
178,Dà,Rummery,trummery4x@chron.com,zrummery4x
179,Almérinda,Pettinger,ypettinger4y@redcross.org,wpettinger4y
180,Crééz,Hannaway,rhannaway4z@chronoengine.com,ghannaway4z
181,Pò,Hinkensen,dhinkensen50@auda.org.au,vhinkensen50
182,Daphnée,Arnould,marnould51@github.io,marnould51
183,Garçon,Waymont,hwaymont52@technorati.com,bwaymont52
184,Anaïs,Syder,bsyder53@seesaa.net,esyder53
185,Irène,Goble,jgoble54@printfriendly.com,dgoble54
186,Maëlla,Yukhnevich,cyukhnevich55@samsung.com,zyukhnevich55
187,Mylène,Aylwin,gaylwin56@ezinearticles.com,baylwin56
188,Maïlys,Segges,hsegges57@nps.gov,csegges57
189,Yénora,Gurton,qgurton58@sogou.com,hgurton58
190,Noëlla,Farndell,nfarndell59@sakura.ne.jp,efarndell59
191,Fèi,Blesli,cblesli5a@wisc.edu,vblesli5a
192,Méng,Connochie,oconnochie5b@ask.com,mconnochie5b
193,Méline,Birt,dbirt5c@dell.com,ybirt5c
194,Célestine,Downton,gdownton5d@rediff.com,rdownton5d
195,Naëlle,Fold,cfold5e@paginegialle.it,jfold5e
196,Kuí,Blanchet,wblanchet5f@dagondesign.com,ablanchet5f
197,Pål,Shefton,wshefton5g@indiegogo.com,eshefton5g
198,Estève,Vines,avines5h@lycos.com,pvines5h
199,Mélina,Ghilardini,mghilardini5i@geocities.com,aghilardini5i
200,Lucrèce,Tatersale,mtatersale5j@seattletimes.com,itatersale5j
201,test,test,test,123